Title,Brand,Reviews,Rating,Price,Image URL,Product URL
No Title,Unknown Brand,0,0,"1,047",No Image,https://www.amazon.inhttps://aax-eu.amazon.in/x/c/JG2wepI6iF2HVU4zMWJiA4YAAAGWwEOltAMAAAH2AQBvbm9fdHhuX2JpZDMgICBvbm9fdHhuX2ltcDEgICCMPBjp/https://www.amazon.in/stores/page/23295C42-47B7-4879-A57F-44DD7D35ECEE/?_encoding=UTF8&store_ref=SB_A09267862B89I1F0CS99E-A1014660137SSR7BN4U9Z&pd_rd_plhdr=t&aaxitk=3b800f43cf53bc17b7c1730549bbdfdf&hsa_cr_id=0&lp_asins=B077K1VDKV%2CB07HJBRMNL%2CB09G9Y2Q8C&lp_query=soft%20toys&lp_slot=auto-sparkle-hsa-tetris&ref_=sbx_be_s_sparkle_lsi4d_bkgd&pd_rd_w=9KzR9&content-id=amzn1.sym.5e94cbee-68a7-46b5-b2e9-bb5445edd00f%3Aamzn1.sym.5e94cbee-68a7-46b5-b2e9-bb5445edd00f&pf_rd_p=5e94cbee-68a7-46b5-b2e9-bb5445edd00f&pf_rd_r=4EFDQCZBCGQ8A751V7F2&pd_rd_wg=GfKcr&pd_rd_r=734ba8d0-7177-4d39-adc7-4bc905252836
No Title,Unknown Brand,0,0,0,No Image,https://www.amazon.in/s?k=soft+toys&nsdOptOutParam=true&ref=nb_sb_noss
Check each product page for other buying options.,Unknown Brand,Check each product page for other buying options.,0,0,No Image,No Link
No Title,Unknown Brand,M.R.P: ,0,999,https://m.media-amazon.com/images/I/612RyncKUIL._AC_UL320_.jpg,https://www.amazon.in/sspa/click?ie=UTF8&spc=MTo2MzYyNDY4MzU5MDM0NjI5OjE3NDY5ODIzODA6c3BfYXRmOjMwMDU1NTIxMDcxMDMzMjo6MDo6&url=%2FHappyBuddy-Talking-Plush-Toy-Lion%2Fdp%2FB0F4NGGGDQ%2Fref%3Dsr_1_1_sspa%3Fdib%3DeyJ2IjoiMSJ9.E6Z5MwHloRsESI6VE7xAHiwqCI8EbLa_eRLwmphLVU8uOOFmeUWPwK_MvrxzN_Rh9Hap4eLAwSW875N7Pq4KW8biFn5gpnUIINomUt03pkvrD1GbSDav7eAmIcTcqgUJ8-xYdw2LoguqdV-30DvLt206m9kQuNhAnC2Kpd6DGrHBtTPMn26HR9C2_ViPCvHnKlGwcpvpTmF_e1-sGw_7GWTh84pCH-QjCn9M86ldiaoFBZfFrQ2uWzlPAq9JjL0w0PxJAlq2Wio6da843cfYb8j8SRTAsvr0NlaIBGpprtQ.L4jYrhxIqcTMhpiMAVvLO8Bh62aTx75Xd2_Z7CB5PSU%26dib_tag%3Dse%26keywords%3Dsoft%2Btoys%26qid%3D1746982380%26sr%3D8-1-spons%26sp_csd%3Dd2lkZ2V0TmFtZT1zcF9hdGY%26psc%3D1
No Title,Unknown Brand,"1,680",4.2 out of 5 stars,189,https://m.media-amazon.com/images/I/61ocDqkDeML._AC_UL320_.jpg,https://www.amazon.in/sspa/click?ie=UTF8&spc=MTo2MzYyNDY4MzU5MDM0NjI5OjE3NDY5ODIzODA6c3BfYXRmOjMwMDUzNTkyNjU0MDEzMjo6MDo6&url=%2FStorio-Plushie-Super-Adorable-Plush%2Fdp%2FB0CQG83Q12%2Fref%3Dsr_1_2_sspa%3Fdib%3DeyJ2IjoiMSJ9.E6Z5MwHloRsESI6VE7xAHiwqCI8EbLa_eRLwmphLVU8uOOFmeUWPwK_MvrxzN_Rh9Hap4eLAwSW875N7Pq4KW8biFn5gpnUIINomUt03pkvrD1GbSDav7eAmIcTcqgUJ8-xYdw2LoguqdV-30DvLt206m9kQuNhAnC2Kpd6DGrHBtTPMn26HR9C2_ViPCvHnKlGwcpvpTmF_e1-sGw_7GWTh84pCH-QjCn9M86ldiaoFBZfFrQ2uWzlPAq9JjL0w0PxJAlq2Wio6da843cfYb8j8SRTAsvr0NlaIBGpprtQ.L4jYrhxIqcTMhpiMAVvLO8Bh62aTx75Xd2_Z7CB5PSU%26dib_tag%3Dse%26keywords%3Dsoft%2Btoys%26qid%3D1746982380%26sr%3D8-2-spons%26sp_csd%3Dd2lkZ2V0TmFtZT1zcF9hdGY%26psc%3D1
No Title,Unknown Brand,M.R.P: ,0,999,https://m.media-amazon.com/images/I/61TUInLnqIL._AC_UL320_.jpg,https://www.amazon.in/sspa/click?ie=UTF8&spc=MTo2MzYyNDY4MzU5MDM0NjI5OjE3NDY5ODIzODA6c3BfYXRmOjMwMDU1NTIxMDcxMDIzMjo6MDo6&url=%2FHappyBuddy-Talking-Plush-Toy-Deer%2Fdp%2FB0F4NGHPX7%2Fref%3Dsr_1_3_sspa%3Fdib%3DeyJ2IjoiMSJ9.E6Z5MwHloRsESI6VE7xAHiwqCI8EbLa_eRLwmphLVU8uOOFmeUWPwK_MvrxzN_Rh9Hap4eLAwSW875N7Pq4KW8biFn5gpnUIINomUt03pkvrD1GbSDav7eAmIcTcqgUJ8-xYdw2LoguqdV-30DvLt206m9kQuNhAnC2Kpd6DGrHBtTPMn26HR9C2_ViPCvHnKlGwcpvpTmF_e1-sGw_7GWTh84pCH-QjCn9M86ldiaoFBZfFrQ2uWzlPAq9JjL0w0PxJAlq2Wio6da843cfYb8j8SRTAsvr0NlaIBGpprtQ.L4jYrhxIqcTMhpiMAVvLO8Bh62aTx75Xd2_Z7CB5PSU%26dib_tag%3Dse%26keywords%3Dsoft%2Btoys%26qid%3D1746982380%26sr%3D8-3-spons%26sp_csd%3Dd2lkZ2V0TmFtZT1zcF9hdGY%26psc%3D1
No Title,Unknown Brand,448,4.4 out of 5 stars,999,https://m.media-amazon.com/images/I/61bavIb4xJL._AC_UL320_.jpg,https://www.amazon.in/sspa/click?ie=UTF8&spc=MTo2MzYyNDY4MzU5MDM0NjI5OjE3NDY5ODIzODA6c3BfYXRmOjMwMDU1MDIxNDk2NjMzMjo6MDo6&url=%2FPandas-Box-Krishna-Infants-Toddlers%2Fdp%2FB0F5N2W5G1%2Fref%3Dsr_1_4_sspa%3Fdib%3DeyJ2IjoiMSJ9.E6Z5MwHloRsESI6VE7xAHiwqCI8EbLa_eRLwmphLVU8uOOFmeUWPwK_MvrxzN_Rh9Hap4eLAwSW875N7Pq4KW8biFn5gpnUIINomUt03pkvrD1GbSDav7eAmIcTcqgUJ8-xYdw2LoguqdV-30DvLt206m9kQuNhAnC2Kpd6DGrHBtTPMn26HR9C2_ViPCvHnKlGwcpvpTmF_e1-sGw_7GWTh84pCH-QjCn9M86ldiaoFBZfFrQ2uWzlPAq9JjL0w0PxJAlq2Wio6da843cfYb8j8SRTAsvr0NlaIBGpprtQ.L4jYrhxIqcTMhpiMAVvLO8Bh62aTx75Xd2_Z7CB5PSU%26dib_tag%3Dse%26keywords%3Dsoft%2Btoys%26qid%3D1746982380%26sr%3D8-4-spons%26sp_csd%3Dd2lkZ2V0TmFtZT1zcF9hdGY%26psc%3D1
No Title,Unknown Brand,"1,680",4.2 out of 5 stars,179,https://m.media-amazon.com/images/I/51nqXz7iWrL._AC_UL320_.jpg,https://www.amazon.in/Storio-Octopus-Plushie-Reversible-Plush/dp/B0D6Z1YPTZ/ref=sr_1_5?dib=eyJ2IjoiMSJ9.E6Z5MwHloRsESI6VE7xAHiwqCI8EbLa_eRLwmphLVU8uOOFmeUWPwK_MvrxzN_Rh9Hap4eLAwSW875N7Pq4KW8biFn5gpnUIINomUt03pkvrD1GbSDav7eAmIcTcqgUJ8-xYdw2LoguqdV-30DvLt206m9kQuNhAnC2Kpd6DGrHBtTPMn26HR9C2_ViPCvHnKlGwcpvpTmF_e1-sGw_7GWTh84pCH-QjCn9M86ldiaoFBZfFrQ2uWzlPAq9JjL0w0PxJAlq2Wio6da843cfYb8j8SRTAsvr0NlaIBGpprtQ.L4jYrhxIqcTMhpiMAVvLO8Bh62aTx75Xd2_Z7CB5PSU&dib_tag=se&keywords=soft+toys&qid=1746982380&sr=8-5
No Title,Unknown Brand,"2,651",4.2 out of 5 stars,169,https://m.media-amazon.com/images/I/51h6wRH0lpL._AC_UL320_.jpg,https://www.amazon.in/Babique-Sitting-Plush-Animal-Decor/dp/B0B2F8XS9L/ref=sr_1_6?dib=eyJ2IjoiMSJ9.E6Z5MwHloRsESI6VE7xAHiwqCI8EbLa_eRLwmphLVU8uOOFmeUWPwK_MvrxzN_Rh9Hap4eLAwSW875N7Pq4KW8biFn5gpnUIINomUt03pkvrD1GbSDav7eAmIcTcqgUJ8-xYdw2LoguqdV-30DvLt206m9kQuNhAnC2Kpd6DGrHBtTPMn26HR9C2_ViPCvHnKlGwcpvpTmF_e1-sGw_7GWTh84pCH-QjCn9M86ldiaoFBZfFrQ2uWzlPAq9JjL0w0PxJAlq2Wio6da843cfYb8j8SRTAsvr0NlaIBGpprtQ.L4jYrhxIqcTMhpiMAVvLO8Bh62aTx75Xd2_Z7CB5PSU&dib_tag=se&keywords=soft+toys&qid=1746982380&sr=8-6
No Title,Unknown Brand,"2,651",4.2 out of 5 stars,253,https://m.media-amazon.com/images/I/71sh-Yt3EmL._AC_UL320_.jpg,https://www.amazon.in/Babique-Elephant-Sitting-Plush-Animal/dp/B0BD5TR6FD/ref=sr_1_7?dib=eyJ2IjoiMSJ9.E6Z5MwHloRsESI6VE7xAHiwqCI8EbLa_eRLwmphLVU8uOOFmeUWPwK_MvrxzN_Rh9Hap4eLAwSW875N7Pq4KW8biFn5gpnUIINomUt03pkvrD1GbSDav7eAmIcTcqgUJ8-xYdw2LoguqdV-30DvLt206m9kQuNhAnC2Kpd6DGrHBtTPMn26HR9C2_ViPCvHnKlGwcpvpTmF_e1-sGw_7GWTh84pCH-QjCn9M86ldiaoFBZfFrQ2uWzlPAq9JjL0w0PxJAlq2Wio6da843cfYb8j8SRTAsvr0NlaIBGpprtQ.L4jYrhxIqcTMhpiMAVvLO8Bh62aTx75Xd2_Z7CB5PSU&dib_tag=se&keywords=soft+toys&qid=1746982380&sr=8-7
No Title,Unknown Brand,448,4.4 out of 5 stars,999,https://m.media-amazon.com/images/I/61bavIb4xJL._AC_UL320_.jpg,https://www.amazon.in#
No Title,Unknown Brand,448,4.4 out of 5 stars,999,https://m.media-amazon.com/images/I/61bavIb4xJL._AC_UL320_.jpg,https://www.amazon.in/sspa/click?ie=UTF8&spc=MTo4MTYxNjcyNzY4ODU4NDE4OjE3NDY5ODIzODA6c3Bfc2VhcmNoX3RoZW1hdGljOjMwMDU1MDIxNDk2NjMzMjo6MDo6&url=%2FPandas-Box-Krishna-Infants-Toddlers%2Fdp%2FB0F5N2W5G1%2Fref%3Dsxin_15_pa_sp_search_thematic_sspa%3Fcontent-id%3Damzn1.sym.70fd741c-68a9-470a-9805-115e3115104d%253Aamzn1.sym.70fd741c-68a9-470a-9805-115e3115104d%26cv_ct_cx%3Dsoft%2Btoys%26keywords%3Dsoft%2Btoys%26pd_rd_i%3DB0F5N2W5G1%26pd_rd_r%3Df36abb71-9d4f-44d8-8cd7-423bada782b9%26pd_rd_w%3D6tk0c%26pd_rd_wg%3DwiUD1%26pf_rd_p%3D70fd741c-68a9-470a-9805-115e3115104d%26pf_rd_r%3D4EFDQCZBCGQ8A751V7F2%26qid%3D1746982380%26sbo%3DRZvfv%252F%252FHxDF%252BO5021pAnSA%253D%253D%26sr%3D1-1-66673dcf-083f-43ba-b782-d4a436cc5cfb-spons%26sp_csd%3Dd2lkZ2V0TmFtZT1zcF9zZWFyY2hfdGhlbWF0aWM%26psc%3D1
No Title,Unknown Brand,7,5.0 out of 5 stars,899,https://m.media-amazon.com/images/I/512cGrVqB0L._AC_UL320_.jpg,https://www.amazon.in/sspa/click?ie=UTF8&spc=MTo4MTYxNjcyNzY4ODU4NDE4OjE3NDY5ODIzODA6c3Bfc2VhcmNoX3RoZW1hdGljOjMwMDUzODkxNjMxMzgzMjo6MTo6&url=%2FOLSIC-Breathing-Teddy-Newborns-Multicolor%2Fdp%2FB0F4D45TLR%2Fref%3Dsxin_15_pa_sp_search_thematic_sspa%3Fcontent-id%3Damzn1.sym.70fd741c-68a9-470a-9805-115e3115104d%253Aamzn1.sym.70fd741c-68a9-470a-9805-115e3115104d%26cv_ct_cx%3Dsoft%2Btoys%26keywords%3Dsoft%2Btoys%26pd_rd_i%3DB0F4D45TLR%26pd_rd_r%3Df36abb71-9d4f-44d8-8cd7-423bada782b9%26pd_rd_w%3D6tk0c%26pd_rd_wg%3DwiUD1%26pf_rd_p%3D70fd741c-68a9-470a-9805-115e3115104d%26pf_rd_r%3D4EFDQCZBCGQ8A751V7F2%26qid%3D1746982380%26sbo%3DRZvfv%252F%252FHxDF%252BO5021pAnSA%253D%253D%26sr%3D1-2-66673dcf-083f-43ba-b782-d4a436cc5cfb-spons%26sp_csd%3Dd2lkZ2V0TmFtZT1zcF9zZWFyY2hfdGhlbWF0aWM%26psc%3D1
No Title,Unknown Brand,7,4.1 out of 5 stars,"1,049",https://m.media-amazon.com/images/I/81rAtGGbc6L._AC_UL320_.jpg,https://www.amazon.in/sspa/click?ie=UTF8&spc=MTo4MTYxNjcyNzY4ODU4NDE4OjE3NDY5ODIzODA6c3Bfc2VhcmNoX3RoZW1hdGljOjMwMDQ3MDYxMzM0NzEzMjo6Mjo6&url=%2FGanesha-Plush-Stuffed-Favourite-Elephant%2Fdp%2FB0DRNKWLSN%2Fref%3Dsxin_15_pa_sp_search_thematic_sspa%3Fcontent-id%3Damzn1.sym.70fd741c-68a9-470a-9805-115e3115104d%253Aamzn1.sym.70fd741c-68a9-470a-9805-115e3115104d%26cv_ct_cx%3Dsoft%2Btoys%26keywords%3Dsoft%2Btoys%26pd_rd_i%3DB0DRNKWLSN%26pd_rd_r%3Df36abb71-9d4f-44d8-8cd7-423bada782b9%26pd_rd_w%3D6tk0c%26pd_rd_wg%3DwiUD1%26pf_rd_p%3D70fd741c-68a9-470a-9805-115e3115104d%26pf_rd_r%3D4EFDQCZBCGQ8A751V7F2%26qid%3D1746982380%26sbo%3DRZvfv%252F%252FHxDF%252BO5021pAnSA%253D%253D%26sr%3D1-3-66673dcf-083f-43ba-b782-d4a436cc5cfb-spons%26sp_csd%3Dd2lkZ2V0TmFtZT1zcF9zZWFyY2hfdGhlbWF0aWM%26psc%3D1
No Title,Unknown Brand,"13,332",4.4 out of 5 stars,399,https://m.media-amazon.com/images/I/61FvuCHYHUL._AC_UL320_.jpg,https://www.amazon.in/sspa/click?ie=UTF8&spc=MTo4MTYxNjcyNzY4ODU4NDE4OjE3NDY5ODIzODA6c3Bfc2VhcmNoX3RoZW1hdGljOjMwMDIxMzU2MTAyODEzMjo6Mzo6&url=%2FAmazon-Brand-Reversible-Strawberry-Stuffed%2Fdp%2FB0CXDDPLQG%2Fref%3Dsxin_15_pa_sp_search_thematic_sspa%3Fcontent-id%3Damzn1.sym.70fd741c-68a9-470a-9805-115e3115104d%253Aamzn1.sym.70fd741c-68a9-470a-9805-115e3115104d%26cv_ct_cx%3Dsoft%2Btoys%26keywords%3Dsoft%2Btoys%26pd_rd_i%3DB0CXDDPLQG%26pd_rd_r%3Df36abb71-9d4f-44d8-8cd7-423bada782b9%26pd_rd_w%3D6tk0c%26pd_rd_wg%3DwiUD1%26pf_rd_p%3D70fd741c-68a9-470a-9805-115e3115104d%26pf_rd_r%3D4EFDQCZBCGQ8A751V7F2%26qid%3D1746982380%26sbo%3DRZvfv%252F%252FHxDF%252BO5021pAnSA%253D%253D%26sr%3D1-4-66673dcf-083f-43ba-b782-d4a436cc5cfb-spons%26sp_csd%3Dd2lkZ2V0TmFtZT1zcF9zZWFyY2hfdGhlbWF0aWM%26psc%3D1
No Title,Unknown Brand,3,4.5 out of 5 stars,574,https://m.media-amazon.com/images/I/61VwnG1RvhL._AC_UL320_.jpg,https://www.amazon.in/sspa/click?ie=UTF8&spc=MTo4MTYxNjcyNzY4ODU4NDE4OjE3NDY5ODIzODA6c3Bfc2VhcmNoX3RoZW1hdGljOjMwMDQ2Mzc1Njg0MTgzMjo6NDo6&url=%2FDIKANG-Premium-Stuffed-Plushie-Plushies%2Fdp%2FB0CVXRB3L3%2Fref%3Dsxin_15_pa_sp_search_thematic_sspa%3Fcontent-id%3Damzn1.sym.70fd741c-68a9-470a-9805-115e3115104d%253Aamzn1.sym.70fd741c-68a9-470a-9805-115e3115104d%26cv_ct_cx%3Dsoft%2Btoys%26keywords%3Dsoft%2Btoys%26pd_rd_i%3DB0CVXRB3L3%26pd_rd_r%3Df36abb71-9d4f-44d8-8cd7-423bada782b9%26pd_rd_w%3D6tk0c%26pd_rd_wg%3DwiUD1%26pf_rd_p%3D70fd741c-68a9-470a-9805-115e3115104d%26pf_rd_r%3D4EFDQCZBCGQ8A751V7F2%26qid%3D1746982380%26sbo%3DRZvfv%252F%252FHxDF%252BO5021pAnSA%253D%253D%26sr%3D1-5-66673dcf-083f-43ba-b782-d4a436cc5cfb-spons%26sp_csd%3Dd2lkZ2V0TmFtZT1zcF9zZWFyY2hfdGhlbWF0aWM%26psc%3D1
No Title,Unknown Brand,0,0,0,No Image,No Link
No Title,Unknown Brand,"13,332",4.4 out of 5 stars,198,https://m.media-amazon.com/images/I/61A2ddWFQxL._AC_UL320_.jpg,https://www.amazon.in/Amazon-Brand-Penguin-Super-Soft-Birthday/dp/B0C46HFZX6/ref=sr_1_8?dib=eyJ2IjoiMSJ9.E6Z5MwHloRsESI6VE7xAHiwqCI8EbLa_eRLwmphLVU8uOOFmeUWPwK_MvrxzN_Rh9Hap4eLAwSW875N7Pq4KW8biFn5gpnUIINomUt03pkvrD1GbSDav7eAmIcTcqgUJ8-xYdw2LoguqdV-30DvLt206m9kQuNhAnC2Kpd6DGrHBtTPMn26HR9C2_ViPCvHnKlGwcpvpTmF_e1-sGw_7GWTh84pCH-QjCn9M86ldiaoFBZfFrQ2uWzlPAq9JjL0w0PxJAlq2Wio6da843cfYb8j8SRTAsvr0NlaIBGpprtQ.L4jYrhxIqcTMhpiMAVvLO8Bh62aTx75Xd2_Z7CB5PSU&dib_tag=se&keywords=soft+toys&qid=1746982380&sr=8-8
No Title,Unknown Brand,"4,740",4.1 out of 5 stars,169,https://m.media-amazon.com/images/I/51AWNa6+TOL._AC_UL320_.jpg,https://www.amazon.in/Babique-Unicorn-Stuffed-Birthday-Yellow/dp/B08LTGRJSV/ref=sr_1_9?dib=eyJ2IjoiMSJ9.E6Z5MwHloRsESI6VE7xAHiwqCI8EbLa_eRLwmphLVU8uOOFmeUWPwK_MvrxzN_Rh9Hap4eLAwSW875N7Pq4KW8biFn5gpnUIINomUt03pkvrD1GbSDav7eAmIcTcqgUJ8-xYdw2LoguqdV-30DvLt206m9kQuNhAnC2Kpd6DGrHBtTPMn26HR9C2_ViPCvHnKlGwcpvpTmF_e1-sGw_7GWTh84pCH-QjCn9M86ldiaoFBZfFrQ2uWzlPAq9JjL0w0PxJAlq2Wio6da843cfYb8j8SRTAsvr0NlaIBGpprtQ.L4jYrhxIqcTMhpiMAVvLO8Bh62aTx75Xd2_Z7CB5PSU&dib_tag=se&keywords=soft+toys&qid=1746982380&sr=8-9
No Title,Unknown Brand,"1,680",4.2 out of 5 stars,189,https://m.media-amazon.com/images/I/61ocDqkDeML._AC_UL320_.jpg,https://www.amazon.in/Storio-Plushie-Super-Adorable-Plush/dp/B0CQG83Q12/ref=sr_1_10?dib=eyJ2IjoiMSJ9.E6Z5MwHloRsESI6VE7xAHiwqCI8EbLa_eRLwmphLVU8uOOFmeUWPwK_MvrxzN_Rh9Hap4eLAwSW875N7Pq4KW8biFn5gpnUIINomUt03pkvrD1GbSDav7eAmIcTcqgUJ8-xYdw2LoguqdV-30DvLt206m9kQuNhAnC2Kpd6DGrHBtTPMn26HR9C2_ViPCvHnKlGwcpvpTmF_e1-sGw_7GWTh84pCH-QjCn9M86ldiaoFBZfFrQ2uWzlPAq9JjL0w0PxJAlq2Wio6da843cfYb8j8SRTAsvr0NlaIBGpprtQ.L4jYrhxIqcTMhpiMAVvLO8Bh62aTx75Xd2_Z7CB5PSU&dib_tag=se&keywords=soft+toys&qid=1746982380&sr=8-10
No Title,Unknown Brand,"1,229",4.0 out of 5 stars,219,https://m.media-amazon.com/images/I/61QnIuUiOgL._AC_UL320_.jpg,https://www.amazon.in/Babique-Flower-Plush-Animal-Decor/dp/B0BFNYP192/ref=sr_1_11?dib=eyJ2IjoiMSJ9.E6Z5MwHloRsESI6VE7xAHiwqCI8EbLa_eRLwmphLVU8uOOFmeUWPwK_MvrxzN_Rh9Hap4eLAwSW875N7Pq4KW8biFn5gpnUIINomUt03pkvrD1GbSDav7eAmIcTcqgUJ8-xYdw2LoguqdV-30DvLt206m9kQuNhAnC2Kpd6DGrHBtTPMn26HR9C2_ViPCvHnKlGwcpvpTmF_e1-sGw_7GWTh84pCH-QjCn9M86ldiaoFBZfFrQ2uWzlPAq9JjL0w0PxJAlq2Wio6da843cfYb8j8SRTAsvr0NlaIBGpprtQ.L4jYrhxIqcTMhpiMAVvLO8Bh62aTx75Xd2_Z7CB5PSU&dib_tag=se&keywords=soft+toys&qid=1746982380&sr=8-11
No Title,Unknown Brand,"9,386",4.2 out of 5 stars,159,https://m.media-amazon.com/images/I/51C5TrSt-GL._AC_UL320_.jpg,https://www.amazon.in/Babique-Unicorn-Stuffed-Plush-Birthday/dp/B08LTGVND9/ref=sr_1_12?dib=eyJ2IjoiMSJ9.E6Z5MwHloRsESI6VE7xAHiwqCI8EbLa_eRLwmphLVU8uOOFmeUWPwK_MvrxzN_Rh9Hap4eLAwSW875N7Pq4KW8biFn5gpnUIINomUt03pkvrD1GbSDav7eAmIcTcqgUJ8-xYdw2LoguqdV-30DvLt206m9kQuNhAnC2Kpd6DGrHBtTPMn26HR9C2_ViPCvHnKlGwcpvpTmF_e1-sGw_7GWTh84pCH-QjCn9M86ldiaoFBZfFrQ2uWzlPAq9JjL0w0PxJAlq2Wio6da843cfYb8j8SRTAsvr0NlaIBGpprtQ.L4jYrhxIqcTMhpiMAVvLO8Bh62aTx75Xd2_Z7CB5PSU&dib_tag=se&keywords=soft+toys&qid=1746982380&sr=8-12
No Title,Unknown Brand,691,4.1 out of 5 stars,351,https://m.media-amazon.com/images/I/613ls1KV-HL._AC_UL320_.jpg,https://www.amazon.in/Niku-Reversible-Stuffed-plushies-Strawberry/dp/B0CPVNTZ4K/ref=sr_1_13?dib=eyJ2IjoiMSJ9.E6Z5MwHloRsESI6VE7xAHiwqCI8EbLa_eRLwmphLVU8uOOFmeUWPwK_MvrxzN_Rh9Hap4eLAwSW875N7Pq4KW8biFn5gpnUIINomUt03pkvrD1GbSDav7eAmIcTcqgUJ8-xYdw2LoguqdV-30DvLt206m9kQuNhAnC2Kpd6DGrHBtTPMn26HR9C2_ViPCvHnKlGwcpvpTmF_e1-sGw_7GWTh84pCH-QjCn9M86ldiaoFBZfFrQ2uWzlPAq9JjL0w0PxJAlq2Wio6da843cfYb8j8SRTAsvr0NlaIBGpprtQ.L4jYrhxIqcTMhpiMAVvLO8Bh62aTx75Xd2_Z7CB5PSU&dib_tag=se&keywords=soft+toys&qid=1746982380&sr=8-13
No Title,Unknown Brand,"9,023",4.3 out of 5 stars,560,https://m.media-amazon.com/images/I/81S00b+-XML._AC_UL640_QL65_.jpg,https://www.amazon.inhttps://aax-eu.amazon.in/x/c/JBqCIE9lak7Y-WKXdgd7iewAAAGWwEOlngMAAAH2AQBvbm9fdHhuX2JpZDMgICBvbm9fdHhuX2ltcDIgICChljqx/https://www.amazon.in/dp/B075VTNC7X?pd_rd_i=B075VTNC7X&pf_rd_p=288d7cd9-bdfb-4778-882a-c15de0f76151&pf_rd_r=4EFDQCZBCGQ8A751V7F2&pd_rd_wg=wiUD1&pd_rd_w=Kj6LZ&pd_rd_r=f36abb71-9d4f-44d8-8cd7-423bada782b9
No Title,Unknown Brand,0,0,0,No Image,No Link
No Title,Unknown Brand,"1,680",4.2 out of 5 stars,299,https://m.media-amazon.com/images/I/51XjmK41FjL._AC_UL320_.jpg,https://www.amazon.in/Storio-Plushie-Reversible-Rabbit-Valentine/dp/B0CQG947NZ/ref=sr_1_14?dib=eyJ2IjoiMSJ9.E6Z5MwHloRsESI6VE7xAHiwqCI8EbLa_eRLwmphLVU8uOOFmeUWPwK_MvrxzN_Rh9Hap4eLAwSW875N7Pq4KW8biFn5gpnUIINomUt03pkvrD1GbSDav7eAmIcTcqgUJ8-xYdw2LoguqdV-30DvLt206m9kQuNhAnC2Kpd6DGrHBtTPMn26HR9C2_ViPCvHnKlGwcpvpTmF_e1-sGw_7GWTh84pCH-QjCn9M86ldiaoFBZfFrQ2uWzlPAq9JjL0w0PxJAlq2Wio6da843cfYb8j8SRTAsvr0NlaIBGpprtQ.L4jYrhxIqcTMhpiMAVvLO8Bh62aTx75Xd2_Z7CB5PSU&dib_tag=se&keywords=soft+toys&qid=1746982380&sr=8-14
No Title,Unknown Brand,"1,680",4.2 out of 5 stars,299,https://m.media-amazon.com/images/I/514auBIWNpL._AC_UL320_.jpg,https://www.amazon.in/Storio-Unicorn-Soft-Birthday-Boyfriend/dp/B0DJCYTFZS/ref=sr_1_15?dib=eyJ2IjoiMSJ9.E6Z5MwHloRsESI6VE7xAHiwqCI8EbLa_eRLwmphLVU8uOOFmeUWPwK_MvrxzN_Rh9Hap4eLAwSW875N7Pq4KW8biFn5gpnUIINomUt03pkvrD1GbSDav7eAmIcTcqgUJ8-xYdw2LoguqdV-30DvLt206m9kQuNhAnC2Kpd6DGrHBtTPMn26HR9C2_ViPCvHnKlGwcpvpTmF_e1-sGw_7GWTh84pCH-QjCn9M86ldiaoFBZfFrQ2uWzlPAq9JjL0w0PxJAlq2Wio6da843cfYb8j8SRTAsvr0NlaIBGpprtQ.L4jYrhxIqcTMhpiMAVvLO8Bh62aTx75Xd2_Z7CB5PSU&dib_tag=se&keywords=soft+toys&qid=1746982380&sr=8-15
No Title,Unknown Brand,"34,272",4.0 out of 5 stars,261,https://m.media-amazon.com/images/I/511I9BYWonL._AC_UL320_.jpg,https://www.amazon.in/HUG-FEEL-SOFT-TOYS-Penguin/dp/B0CW1VMD99/ref=sr_1_16?dib=eyJ2IjoiMSJ9.E6Z5MwHloRsESI6VE7xAHiwqCI8EbLa_eRLwmphLVU8uOOFmeUWPwK_MvrxzN_Rh9Hap4eLAwSW875N7Pq4KW8biFn5gpnUIINomUt03pkvrD1GbSDav7eAmIcTcqgUJ8-xYdw2LoguqdV-30DvLt206m9kQuNhAnC2Kpd6DGrHBtTPMn26HR9C2_ViPCvHnKlGwcpvpTmF_e1-sGw_7GWTh84pCH-QjCn9M86ldiaoFBZfFrQ2uWzlPAq9JjL0w0PxJAlq2Wio6da843cfYb8j8SRTAsvr0NlaIBGpprtQ.L4jYrhxIqcTMhpiMAVvLO8Bh62aTx75Xd2_Z7CB5PSU&dib_tag=se&keywords=soft+toys&qid=1746982380&sr=8-16
No Title,Unknown Brand,"2,651",4.2 out of 5 stars,209,https://m.media-amazon.com/images/I/511vEf27jFL._AC_UL320_.jpg,https://www.amazon.in/Babique-Plush-Animal-Decor-Orange/dp/B0CBZ6KL29/ref=sr_1_17?dib=eyJ2IjoiMSJ9.E6Z5MwHloRsESI6VE7xAHiwqCI8EbLa_eRLwmphLVU8uOOFmeUWPwK_MvrxzN_Rh9Hap4eLAwSW875N7Pq4KW8biFn5gpnUIINomUt03pkvrD1GbSDav7eAmIcTcqgUJ8-xYdw2LoguqdV-30DvLt206m9kQuNhAnC2Kpd6DGrHBtTPMn26HR9C2_ViPCvHnKlGwcpvpTmF_e1-sGw_7GWTh84pCH-QjCn9M86ldiaoFBZfFrQ2uWzlPAq9JjL0w0PxJAlq2Wio6da843cfYb8j8SRTAsvr0NlaIBGpprtQ.L4jYrhxIqcTMhpiMAVvLO8Bh62aTx75Xd2_Z7CB5PSU&dib_tag=se&keywords=soft+toys&qid=1746982380&sr=8-17
No Title,Unknown Brand,"2,335",4.2 out of 5 stars,309,https://m.media-amazon.com/images/I/61val7qNvyL._AC_UL320_.jpg,https://www.amazon.in/Babique-Pluto-Stuffed-Plush-Yellow/dp/B07ZJG1FGL/ref=sr_1_18?dib=eyJ2IjoiMSJ9.E6Z5MwHloRsESI6VE7xAHiwqCI8EbLa_eRLwmphLVU8uOOFmeUWPwK_MvrxzN_Rh9Hap4eLAwSW875N7Pq4KW8biFn5gpnUIINomUt03pkvrD1GbSDav7eAmIcTcqgUJ8-xYdw2LoguqdV-30DvLt206m9kQuNhAnC2Kpd6DGrHBtTPMn26HR9C2_ViPCvHnKlGwcpvpTmF_e1-sGw_7GWTh84pCH-QjCn9M86ldiaoFBZfFrQ2uWzlPAq9JjL0w0PxJAlq2Wio6da843cfYb8j8SRTAsvr0NlaIBGpprtQ.L4jYrhxIqcTMhpiMAVvLO8Bh62aTx75Xd2_Z7CB5PSU&dib_tag=se&keywords=soft+toys&qid=1746982380&sr=8-18
No Title,Unknown Brand,691,4.1 out of 5 stars,295,https://m.media-amazon.com/images/I/51iaZJwi7yL._AC_UL320_.jpg,https://www.amazon.in/Niku-Super-Rabbit-Pillow-Adults/dp/B0CR886N1T/ref=sr_1_19?dib=eyJ2IjoiMSJ9.E6Z5MwHloRsESI6VE7xAHiwqCI8EbLa_eRLwmphLVU8uOOFmeUWPwK_MvrxzN_Rh9Hap4eLAwSW875N7Pq4KW8biFn5gpnUIINomUt03pkvrD1GbSDav7eAmIcTcqgUJ8-xYdw2LoguqdV-30DvLt206m9kQuNhAnC2Kpd6DGrHBtTPMn26HR9C2_ViPCvHnKlGwcpvpTmF_e1-sGw_7GWTh84pCH-QjCn9M86ldiaoFBZfFrQ2uWzlPAq9JjL0w0PxJAlq2Wio6da843cfYb8j8SRTAsvr0NlaIBGpprtQ.L4jYrhxIqcTMhpiMAVvLO8Bh62aTx75Xd2_Z7CB5PSU&dib_tag=se&keywords=soft+toys&qid=1746982380&sr=8-19
No Title,Unknown Brand,694,4.3 out of 5 stars,379,https://m.media-amazon.com/images/I/51Tj8KMIlvL._AC_UL320_.jpg,https://www.amazon.in/SCOOBA-Baby-Penguin-Soft-Strawberry/dp/B0DWXJ5JQ4/ref=sr_1_20?dib=eyJ2IjoiMSJ9.E6Z5MwHloRsESI6VE7xAHiwqCI8EbLa_eRLwmphLVU8uOOFmeUWPwK_MvrxzN_Rh9Hap4eLAwSW875N7Pq4KW8biFn5gpnUIINomUt03pkvrD1GbSDav7eAmIcTcqgUJ8-xYdw2LoguqdV-30DvLt206m9kQuNhAnC2Kpd6DGrHBtTPMn26HR9C2_ViPCvHnKlGwcpvpTmF_e1-sGw_7GWTh84pCH-QjCn9M86ldiaoFBZfFrQ2uWzlPAq9JjL0w0PxJAlq2Wio6da843cfYb8j8SRTAsvr0NlaIBGpprtQ.L4jYrhxIqcTMhpiMAVvLO8Bh62aTx75Xd2_Z7CB5PSU&dib_tag=se&keywords=soft+toys&qid=1746982380&sr=8-20
No Title,Unknown Brand,7,5.0 out of 5 stars,899,https://m.media-amazon.com/images/I/512cGrVqB0L._AC_UL320_.jpg,https://www.amazon.in/sspa/click?ie=UTF8&spc=MTo2MzYyNDY4MzU5MDM0NjI5OjE3NDY5ODIzODA6c3BfbXRmOjMwMDU0MjE4NDkyMzczMjo6MDo6&url=%2FOLSIC-Breathing-Teddy-Newborns-Multicolor%2Fdp%2FB0F4D45TLR%2Fref%3Dsr_1_21_sspa%3Fdib%3DeyJ2IjoiMSJ9.E6Z5MwHloRsESI6VE7xAHiwqCI8EbLa_eRLwmphLVU8uOOFmeUWPwK_MvrxzN_Rh9Hap4eLAwSW875N7Pq4KW8biFn5gpnUIINomUt03pkvrD1GbSDav7eAmIcTcqgUJ8-xYdw2LoguqdV-30DvLt206m9kQuNhAnC2Kpd6DGrHBtTPMn26HR9C2_ViPCvHnKlGwcpvpTmF_e1-sGw_7GWTh84pCH-QjCn9M86ldiaoFBZfFrQ2uWzlPAq9JjL0w0PxJAlq2Wio6da843cfYb8j8SRTAsvr0NlaIBGpprtQ.L4jYrhxIqcTMhpiMAVvLO8Bh62aTx75Xd2_Z7CB5PSU%26dib_tag%3Dse%26keywords%3Dsoft%2Btoys%26qid%3D1746982380%26sr%3D8-21-spons%26sp_csd%3Dd2lkZ2V0TmFtZT1zcF9tdGY%26psc%3D1
No Title,Unknown Brand,16,3.4 out of 5 stars,399,https://m.media-amazon.com/images/I/51MceuI7nKL._AC_UL320_.jpg,https://www.amazon.in/sspa/click?ie=UTF8&spc=MTo2MzYyNDY4MzU5MDM0NjI5OjE3NDY5ODIzODA6c3BfbXRmOjMwMDUwMTkxNjU3OTAzMjo6MDo6&url=%2FLOVEY-DOVEY-Lovable-hugable-Kangaroo%2Fdp%2FB09TXQL1JJ%2Fref%3Dsr_1_22_sspa%3Fdib%3DeyJ2IjoiMSJ9.E6Z5MwHloRsESI6VE7xAHiwqCI8EbLa_eRLwmphLVU8uOOFmeUWPwK_MvrxzN_Rh9Hap4eLAwSW875N7Pq4KW8biFn5gpnUIINomUt03pkvrD1GbSDav7eAmIcTcqgUJ8-xYdw2LoguqdV-30DvLt206m9kQuNhAnC2Kpd6DGrHBtTPMn26HR9C2_ViPCvHnKlGwcpvpTmF_e1-sGw_7GWTh84pCH-QjCn9M86ldiaoFBZfFrQ2uWzlPAq9JjL0w0PxJAlq2Wio6da843cfYb8j8SRTAsvr0NlaIBGpprtQ.L4jYrhxIqcTMhpiMAVvLO8Bh62aTx75Xd2_Z7CB5PSU%26dib_tag%3Dse%26keywords%3Dsoft%2Btoys%26qid%3D1746982380%26sr%3D8-22-spons%26sp_csd%3Dd2lkZ2V0TmFtZT1zcF9tdGY%26psc%3D1
No Title,Unknown Brand,2,4.4 out of 5 stars,"1,044",https://m.media-amazon.com/images/I/710jBD4M2ML._AC_UL320_.jpg,https://www.amazon.in/sspa/click?ie=UTF8&spc=MTo2MzYyNDY4MzU5MDM0NjI5OjE3NDY5ODIzODA6c3BfbXRmOjMwMDQ4NTE0NzYwMDgzMjo6MDo6&url=%2FHUG-FEEL-SOFT-TOYS-Girlfriend%2Fdp%2FB09BL7H2JD%2Fref%3Dsr_1_23_sspa%3Fdib%3DeyJ2IjoiMSJ9.E6Z5MwHloRsESI6VE7xAHiwqCI8EbLa_eRLwmphLVU8uOOFmeUWPwK_MvrxzN_Rh9Hap4eLAwSW875N7Pq4KW8biFn5gpnUIINomUt03pkvrD1GbSDav7eAmIcTcqgUJ8-xYdw2LoguqdV-30DvLt206m9kQuNhAnC2Kpd6DGrHBtTPMn26HR9C2_ViPCvHnKlGwcpvpTmF_e1-sGw_7GWTh84pCH-QjCn9M86ldiaoFBZfFrQ2uWzlPAq9JjL0w0PxJAlq2Wio6da843cfYb8j8SRTAsvr0NlaIBGpprtQ.L4jYrhxIqcTMhpiMAVvLO8Bh62aTx75Xd2_Z7CB5PSU%26dib_tag%3Dse%26keywords%3Dsoft%2Btoys%26qid%3D1746982380%26sr%3D8-23-spons%26sp_csd%3Dd2lkZ2V0TmFtZT1zcF9tdGY%26psc%3D1
No Title,Unknown Brand,"13,332",4.4 out of 5 stars,225,https://m.media-amazon.com/images/I/81c5rU7uWgL._AC_UL320_.jpg,https://www.amazon.in/sspa/click?ie=UTF8&spc=MTo2MzYyNDY4MzU5MDM0NjI5OjE3NDY5ODIzODA6c3BfbXRmOjMwMDA3MTgxMzc2NjYzMjo6MDo6&url=%2FAmazon-Brand-Dinosaur-Suitable-Super-Soft%2Fdp%2FB0CCD1SVCC%2Fref%3Dsr_1_24_sspa%3Fdib%3DeyJ2IjoiMSJ9.E6Z5MwHloRsESI6VE7xAHiwqCI8EbLa_eRLwmphLVU8uOOFmeUWPwK_MvrxzN_Rh9Hap4eLAwSW875N7Pq4KW8biFn5gpnUIINomUt03pkvrD1GbSDav7eAmIcTcqgUJ8-xYdw2LoguqdV-30DvLt206m9kQuNhAnC2Kpd6DGrHBtTPMn26HR9C2_ViPCvHnKlGwcpvpTmF_e1-sGw_7GWTh84pCH-QjCn9M86ldiaoFBZfFrQ2uWzlPAq9JjL0w0PxJAlq2Wio6da843cfYb8j8SRTAsvr0NlaIBGpprtQ.L4jYrhxIqcTMhpiMAVvLO8Bh62aTx75Xd2_Z7CB5PSU%26dib_tag%3Dse%26keywords%3Dsoft%2Btoys%26qid%3D1746982380%26sr%3D8-24-spons%26sp_csd%3Dd2lkZ2V0TmFtZT1zcF9tdGY%26psc%3D1
No Title,Unknown Brand,587,4.2 out of 5 stars,379,https://m.media-amazon.com/images/I/51y39ofWmfL._AC_UL320_.jpg,https://www.amazon.in/SCOOBA-Super-Soft-30cm-Small/dp/B08SWP7FTB/ref=sr_1_25?dib=eyJ2IjoiMSJ9.E6Z5MwHloRsESI6VE7xAHiwqCI8EbLa_eRLwmphLVU8uOOFmeUWPwK_MvrxzN_Rh9Hap4eLAwSW875N7Pq4KW8biFn5gpnUIINomUt03pkvrD1GbSDav7eAmIcTcqgUJ8-xYdw2LoguqdV-30DvLt206m9kQuNhAnC2Kpd6DGrHBtTPMn26HR9C2_ViPCvHnKlGwcpvpTmF_e1-sGw_7GWTh84pCH-QjCn9M86ldiaoFBZfFrQ2uWzlPAq9JjL0w0PxJAlq2Wio6da843cfYb8j8SRTAsvr0NlaIBGpprtQ.L4jYrhxIqcTMhpiMAVvLO8Bh62aTx75Xd2_Z7CB5PSU&dib_tag=se&keywords=soft+toys&qid=1746982380&sr=8-25
No Title,Unknown Brand,924,4.5 out of 5 stars,400,https://m.media-amazon.com/images/I/71A-WPv5q-L._AC_UL320_.jpg,https://www.amazon.in/Webby-Plush-Stuffed-Animal-Adorable/dp/B0B42TFR9D/ref=sr_1_26?dib=eyJ2IjoiMSJ9.E6Z5MwHloRsESI6VE7xAHiwqCI8EbLa_eRLwmphLVU8uOOFmeUWPwK_MvrxzN_Rh9Hap4eLAwSW875N7Pq4KW8biFn5gpnUIINomUt03pkvrD1GbSDav7eAmIcTcqgUJ8-xYdw2LoguqdV-30DvLt206m9kQuNhAnC2Kpd6DGrHBtTPMn26HR9C2_ViPCvHnKlGwcpvpTmF_e1-sGw_7GWTh84pCH-QjCn9M86ldiaoFBZfFrQ2uWzlPAq9JjL0w0PxJAlq2Wio6da843cfYb8j8SRTAsvr0NlaIBGpprtQ.L4jYrhxIqcTMhpiMAVvLO8Bh62aTx75Xd2_Z7CB5PSU&dib_tag=se&keywords=soft+toys&qid=1746982380&sr=8-26
No Title,Unknown Brand,"3,440",4.3 out of 5 stars,159,https://m.media-amazon.com/images/I/613HNieYoxL._AC_UL320_.jpg,https://www.amazon.in/Babique-Sitting-Monkey-Plush-Animal/dp/B08L21WXD8/ref=sr_1_27?dib=eyJ2IjoiMSJ9.E6Z5MwHloRsESI6VE7xAHiwqCI8EbLa_eRLwmphLVU8uOOFmeUWPwK_MvrxzN_Rh9Hap4eLAwSW875N7Pq4KW8biFn5gpnUIINomUt03pkvrD1GbSDav7eAmIcTcqgUJ8-xYdw2LoguqdV-30DvLt206m9kQuNhAnC2Kpd6DGrHBtTPMn26HR9C2_ViPCvHnKlGwcpvpTmF_e1-sGw_7GWTh84pCH-QjCn9M86ldiaoFBZfFrQ2uWzlPAq9JjL0w0PxJAlq2Wio6da843cfYb8j8SRTAsvr0NlaIBGpprtQ.L4jYrhxIqcTMhpiMAVvLO8Bh62aTx75Xd2_Z7CB5PSU&dib_tag=se&keywords=soft+toys&qid=1746982380&sr=8-27
No Title,Unknown Brand,27,3.6 out of 5 stars,474,https://m.media-amazon.com/images/I/51HERc9v1EL._AC_UL320_.jpg,https://www.amazon.in/SCOOBA-Elephant-Stuffed-Birthday-Christmas/dp/B0D5BKT2TS/ref=sr_1_28?dib=eyJ2IjoiMSJ9.E6Z5MwHloRsESI6VE7xAHiwqCI8EbLa_eRLwmphLVU8uOOFmeUWPwK_MvrxzN_Rh9Hap4eLAwSW875N7Pq4KW8biFn5gpnUIINomUt03pkvrD1GbSDav7eAmIcTcqgUJ8-xYdw2LoguqdV-30DvLt206m9kQuNhAnC2Kpd6DGrHBtTPMn26HR9C2_ViPCvHnKlGwcpvpTmF_e1-sGw_7GWTh84pCH-QjCn9M86ldiaoFBZfFrQ2uWzlPAq9JjL0w0PxJAlq2Wio6da843cfYb8j8SRTAsvr0NlaIBGpprtQ.L4jYrhxIqcTMhpiMAVvLO8Bh62aTx75Xd2_Z7CB5PSU&dib_tag=se&keywords=soft+toys&qid=1746982380&sr=8-28
No Title,Unknown Brand,691,4.1 out of 5 stars,333,https://m.media-amazon.com/images/I/513TfTuul7L._AC_UL320_.jpg,https://www.amazon.in/Niku-Penguin-Stuffed-Birthday-Valentines/dp/B0DFVHTV7B/ref=sr_1_29?dib=eyJ2IjoiMSJ9.E6Z5MwHloRsESI6VE7xAHiwqCI8EbLa_eRLwmphLVU8uOOFmeUWPwK_MvrxzN_Rh9Hap4eLAwSW875N7Pq4KW8biFn5gpnUIINomUt03pkvrD1GbSDav7eAmIcTcqgUJ8-xYdw2LoguqdV-30DvLt206m9kQuNhAnC2Kpd6DGrHBtTPMn26HR9C2_ViPCvHnKlGwcpvpTmF_e1-sGw_7GWTh84pCH-QjCn9M86ldiaoFBZfFrQ2uWzlPAq9JjL0w0PxJAlq2Wio6da843cfYb8j8SRTAsvr0NlaIBGpprtQ.L4jYrhxIqcTMhpiMAVvLO8Bh62aTx75Xd2_Z7CB5PSU&dib_tag=se&keywords=soft+toys&qid=1746982380&sr=8-29
No Title,Unknown Brand,"1,680",4.2 out of 5 stars,189,https://m.media-amazon.com/images/I/51HH07ObfkL._AC_UL320_.jpg,https://www.amazon.in/Storio-Shark-Plushie-Reversible-Plush/dp/B0D6YZJKZ2/ref=sr_1_30?dib=eyJ2IjoiMSJ9.E6Z5MwHloRsESI6VE7xAHiwqCI8EbLa_eRLwmphLVU8uOOFmeUWPwK_MvrxzN_Rh9Hap4eLAwSW875N7Pq4KW8biFn5gpnUIINomUt03pkvrD1GbSDav7eAmIcTcqgUJ8-xYdw2LoguqdV-30DvLt206m9kQuNhAnC2Kpd6DGrHBtTPMn26HR9C2_ViPCvHnKlGwcpvpTmF_e1-sGw_7GWTh84pCH-QjCn9M86ldiaoFBZfFrQ2uWzlPAq9JjL0w0PxJAlq2Wio6da843cfYb8j8SRTAsvr0NlaIBGpprtQ.L4jYrhxIqcTMhpiMAVvLO8Bh62aTx75Xd2_Z7CB5PSU&dib_tag=se&keywords=soft+toys&qid=1746982380&sr=8-30
No Title,Unknown Brand,"2,983",3.9 out of 5 stars,110,https://m.media-amazon.com/images/I/61JLJWkVeQL._AC_UL320_.jpg,https://www.amazon.in/Babique-Ball-Rattle-Sound-Birthday/dp/B08PVYDSX1/ref=sr_1_31?dib=eyJ2IjoiMSJ9.E6Z5MwHloRsESI6VE7xAHiwqCI8EbLa_eRLwmphLVU8uOOFmeUWPwK_MvrxzN_Rh9Hap4eLAwSW875N7Pq4KW8biFn5gpnUIINomUt03pkvrD1GbSDav7eAmIcTcqgUJ8-xYdw2LoguqdV-30DvLt206m9kQuNhAnC2Kpd6DGrHBtTPMn26HR9C2_ViPCvHnKlGwcpvpTmF_e1-sGw_7GWTh84pCH-QjCn9M86ldiaoFBZfFrQ2uWzlPAq9JjL0w0PxJAlq2Wio6da843cfYb8j8SRTAsvr0NlaIBGpprtQ.L4jYrhxIqcTMhpiMAVvLO8Bh62aTx75Xd2_Z7CB5PSU&dib_tag=se&keywords=soft+toys&qid=1746982380&sr=8-31
No Title,Unknown Brand,660,3.9 out of 5 stars,179,https://m.media-amazon.com/images/I/513NwwpIBqL._AC_UL320_.jpg,https://www.amazon.in/Babique-Rabbit-Stuffed-Plush-Birthday/dp/B08LTGCVQT/ref=sr_1_32?dib=eyJ2IjoiMSJ9.E6Z5MwHloRsESI6VE7xAHiwqCI8EbLa_eRLwmphLVU8uOOFmeUWPwK_MvrxzN_Rh9Hap4eLAwSW875N7Pq4KW8biFn5gpnUIINomUt03pkvrD1GbSDav7eAmIcTcqgUJ8-xYdw2LoguqdV-30DvLt206m9kQuNhAnC2Kpd6DGrHBtTPMn26HR9C2_ViPCvHnKlGwcpvpTmF_e1-sGw_7GWTh84pCH-QjCn9M86ldiaoFBZfFrQ2uWzlPAq9JjL0w0PxJAlq2Wio6da843cfYb8j8SRTAsvr0NlaIBGpprtQ.L4jYrhxIqcTMhpiMAVvLO8Bh62aTx75Xd2_Z7CB5PSU&dib_tag=se&keywords=soft+toys&qid=1746982380&sr=8-32
No Title,Unknown Brand,"34,272",4.0 out of 5 stars,152,https://m.media-amazon.com/images/I/61junWYBK0L._AC_UL320_.jpg,https://www.amazon.in/HUG-FEEL-SOFT-TOYS-Birthday/dp/B08X3PCGKS/ref=sr_1_33?dib=eyJ2IjoiMSJ9.E6Z5MwHloRsESI6VE7xAHiwqCI8EbLa_eRLwmphLVU8uOOFmeUWPwK_MvrxzN_Rh9Hap4eLAwSW875N7Pq4KW8biFn5gpnUIINomUt03pkvrD1GbSDav7eAmIcTcqgUJ8-xYdw2LoguqdV-30DvLt206m9kQuNhAnC2Kpd6DGrHBtTPMn26HR9C2_ViPCvHnKlGwcpvpTmF_e1-sGw_7GWTh84pCH-QjCn9M86ldiaoFBZfFrQ2uWzlPAq9JjL0w0PxJAlq2Wio6da843cfYb8j8SRTAsvr0NlaIBGpprtQ.L4jYrhxIqcTMhpiMAVvLO8Bh62aTx75Xd2_Z7CB5PSU&dib_tag=se&keywords=soft+toys&qid=1746982380&sr=8-33
No Title,Unknown Brand,"13,332",4.4 out of 5 stars,225,https://m.media-amazon.com/images/I/81c5rU7uWgL._AC_UL320_.jpg,https://www.amazon.in/Amazon-Brand-Dinosaur-Suitable-Super-Soft/dp/B0CCD1SVCC/ref=sr_1_34?dib=eyJ2IjoiMSJ9.E6Z5MwHloRsESI6VE7xAHiwqCI8EbLa_eRLwmphLVU8uOOFmeUWPwK_MvrxzN_Rh9Hap4eLAwSW875N7Pq4KW8biFn5gpnUIINomUt03pkvrD1GbSDav7eAmIcTcqgUJ8-xYdw2LoguqdV-30DvLt206m9kQuNhAnC2Kpd6DGrHBtTPMn26HR9C2_ViPCvHnKlGwcpvpTmF_e1-sGw_7GWTh84pCH-QjCn9M86ldiaoFBZfFrQ2uWzlPAq9JjL0w0PxJAlq2Wio6da843cfYb8j8SRTAsvr0NlaIBGpprtQ.L4jYrhxIqcTMhpiMAVvLO8Bh62aTx75Xd2_Z7CB5PSU&dib_tag=se&keywords=soft+toys&qid=1746982380&sr=8-34
No Title,Unknown Brand,76,4.2 out of 5 stars,379,https://m.media-amazon.com/images/I/51UmNYyWxZL._AC_UL320_.jpg,https://www.amazon.in/SCOOBA-Super-Soft-Adorable-Stuffed/dp/B0C3W2RVVF/ref=sr_1_35?dib=eyJ2IjoiMSJ9.E6Z5MwHloRsESI6VE7xAHiwqCI8EbLa_eRLwmphLVU8uOOFmeUWPwK_MvrxzN_Rh9Hap4eLAwSW875N7Pq4KW8biFn5gpnUIINomUt03pkvrD1GbSDav7eAmIcTcqgUJ8-xYdw2LoguqdV-30DvLt206m9kQuNhAnC2Kpd6DGrHBtTPMn26HR9C2_ViPCvHnKlGwcpvpTmF_e1-sGw_7GWTh84pCH-QjCn9M86ldiaoFBZfFrQ2uWzlPAq9JjL0w0PxJAlq2Wio6da843cfYb8j8SRTAsvr0NlaIBGpprtQ.L4jYrhxIqcTMhpiMAVvLO8Bh62aTx75Xd2_Z7CB5PSU&dib_tag=se&keywords=soft+toys&qid=1746982380&sr=8-35
No Title,Unknown Brand,480,4.1 out of 5 stars,479,https://m.media-amazon.com/images/I/41CB-Bd3k3L._AC_UL320_.jpg,https://www.amazon.in/Future-Shop-Squirrel-Dolphine-Friendly/dp/B0C1NPYZB4/ref=sr_1_36?dib=eyJ2IjoiMSJ9.E6Z5MwHloRsESI6VE7xAHiwqCI8EbLa_eRLwmphLVU8uOOFmeUWPwK_MvrxzN_Rh9Hap4eLAwSW875N7Pq4KW8biFn5gpnUIINomUt03pkvrD1GbSDav7eAmIcTcqgUJ8-xYdw2LoguqdV-30DvLt206m9kQuNhAnC2Kpd6DGrHBtTPMn26HR9C2_ViPCvHnKlGwcpvpTmF_e1-sGw_7GWTh84pCH-QjCn9M86ldiaoFBZfFrQ2uWzlPAq9JjL0w0PxJAlq2Wio6da843cfYb8j8SRTAsvr0NlaIBGpprtQ.L4jYrhxIqcTMhpiMAVvLO8Bh62aTx75Xd2_Z7CB5PSU&dib_tag=se&keywords=soft+toys&qid=1746982380&sr=8-36
No Title,Unknown Brand,"5,898",4.4 out of 5 stars,225,https://m.media-amazon.com/images/I/711DBUR31bS._AC_UL320_.jpg,https://www.amazon.in/Webby-Soft-Animal-Plush-Elephant/dp/B08QX75XNZ/ref=sr_1_37?dib=eyJ2IjoiMSJ9.E6Z5MwHloRsESI6VE7xAHiwqCI8EbLa_eRLwmphLVU8uOOFmeUWPwK_MvrxzN_Rh9Hap4eLAwSW875N7Pq4KW8biFn5gpnUIINomUt03pkvrD1GbSDav7eAmIcTcqgUJ8-xYdw2LoguqdV-30DvLt206m9kQuNhAnC2Kpd6DGrHBtTPMn26HR9C2_ViPCvHnKlGwcpvpTmF_e1-sGw_7GWTh84pCH-QjCn9M86ldiaoFBZfFrQ2uWzlPAq9JjL0w0PxJAlq2Wio6da843cfYb8j8SRTAsvr0NlaIBGpprtQ.L4jYrhxIqcTMhpiMAVvLO8Bh62aTx75Xd2_Z7CB5PSU&dib_tag=se&keywords=soft+toys&qid=1746982380&sr=8-37
No Title,Unknown Brand,"4,610",4.0 out of 5 stars,174,https://m.media-amazon.com/images/I/7173JXCs7YL._AC_UL320_.jpg,https://www.amazon.in/Babique-Cute-White-Animal-Birthday/dp/B06XH1TDRR/ref=sr_1_38?dib=eyJ2IjoiMSJ9.E6Z5MwHloRsESI6VE7xAHiwqCI8EbLa_eRLwmphLVU8uOOFmeUWPwK_MvrxzN_Rh9Hap4eLAwSW875N7Pq4KW8biFn5gpnUIINomUt03pkvrD1GbSDav7eAmIcTcqgUJ8-xYdw2LoguqdV-30DvLt206m9kQuNhAnC2Kpd6DGrHBtTPMn26HR9C2_ViPCvHnKlGwcpvpTmF_e1-sGw_7GWTh84pCH-QjCn9M86ldiaoFBZfFrQ2uWzlPAq9JjL0w0PxJAlq2Wio6da843cfYb8j8SRTAsvr0NlaIBGpprtQ.L4jYrhxIqcTMhpiMAVvLO8Bh62aTx75Xd2_Z7CB5PSU&dib_tag=se&keywords=soft+toys&qid=1746982380&sr=8-38
No Title,Unknown Brand,58,4.1 out of 5 stars,429,https://m.media-amazon.com/images/I/81I9nN02ajL._AC_UL320_.jpg,https://www.amazon.in/SIVIGE-Premium-Huggable-Birthday-Valentine/dp/B0DQ8HTRQC/ref=sr_1_39?dib=eyJ2IjoiMSJ9.E6Z5MwHloRsESI6VE7xAHiwqCI8EbLa_eRLwmphLVU8uOOFmeUWPwK_MvrxzN_Rh9Hap4eLAwSW875N7Pq4KW8biFn5gpnUIINomUt03pkvrD1GbSDav7eAmIcTcqgUJ8-xYdw2LoguqdV-30DvLt206m9kQuNhAnC2Kpd6DGrHBtTPMn26HR9C2_ViPCvHnKlGwcpvpTmF_e1-sGw_7GWTh84pCH-QjCn9M86ldiaoFBZfFrQ2uWzlPAq9JjL0w0PxJAlq2Wio6da843cfYb8j8SRTAsvr0NlaIBGpprtQ.L4jYrhxIqcTMhpiMAVvLO8Bh62aTx75Xd2_Z7CB5PSU&dib_tag=se&keywords=soft+toys&qid=1746982380&sr=8-39
No Title,Unknown Brand,"1,680",4.2 out of 5 stars,199,https://m.media-amazon.com/images/I/617Qg3fOvQL._AC_UL320_.jpg,https://www.amazon.in/Storio-Soft-Animal-Elephant-Toy/dp/B0CDM2RXDS/ref=sr_1_40?dib=eyJ2IjoiMSJ9.E6Z5MwHloRsESI6VE7xAHiwqCI8EbLa_eRLwmphLVU8uOOFmeUWPwK_MvrxzN_Rh9Hap4eLAwSW875N7Pq4KW8biFn5gpnUIINomUt03pkvrD1GbSDav7eAmIcTcqgUJ8-xYdw2LoguqdV-30DvLt206m9kQuNhAnC2Kpd6DGrHBtTPMn26HR9C2_ViPCvHnKlGwcpvpTmF_e1-sGw_7GWTh84pCH-QjCn9M86ldiaoFBZfFrQ2uWzlPAq9JjL0w0PxJAlq2Wio6da843cfYb8j8SRTAsvr0NlaIBGpprtQ.L4jYrhxIqcTMhpiMAVvLO8Bh62aTx75Xd2_Z7CB5PSU&dib_tag=se&keywords=soft+toys&qid=1746982380&sr=8-40
No Title,Unknown Brand,199,3.9 out of 5 stars,569,https://m.media-amazon.com/images/I/61kx5wblTfL._AC_UL320_.jpg,https://www.amazon.in/SCOOBA-Soft-Bella-Shimmery-Heart/dp/B08VJGC9CY/ref=sr_1_41?dib=eyJ2IjoiMSJ9.E6Z5MwHloRsESI6VE7xAHiwqCI8EbLa_eRLwmphLVU8uOOFmeUWPwK_MvrxzN_Rh9Hap4eLAwSW875N7Pq4KW8biFn5gpnUIINomUt03pkvrD1GbSDav7eAmIcTcqgUJ8-xYdw2LoguqdV-30DvLt206m9kQuNhAnC2Kpd6DGrHBtTPMn26HR9C2_ViPCvHnKlGwcpvpTmF_e1-sGw_7GWTh84pCH-QjCn9M86ldiaoFBZfFrQ2uWzlPAq9JjL0w0PxJAlq2Wio6da843cfYb8j8SRTAsvr0NlaIBGpprtQ.L4jYrhxIqcTMhpiMAVvLO8Bh62aTx75Xd2_Z7CB5PSU&dib_tag=se&keywords=soft+toys&qid=1746982380&sr=8-41
No Title,Unknown Brand,74,4.3 out of 5 stars,379,https://m.media-amazon.com/images/I/51xhMkvowCL._AC_UL320_.jpg,https://www.amazon.in/SCOOBA-Milk-Soft-Super-Fabric/dp/B0B1X547XJ/ref=sr_1_42?dib=eyJ2IjoiMSJ9.E6Z5MwHloRsESI6VE7xAHiwqCI8EbLa_eRLwmphLVU8uOOFmeUWPwK_MvrxzN_Rh9Hap4eLAwSW875N7Pq4KW8biFn5gpnUIINomUt03pkvrD1GbSDav7eAmIcTcqgUJ8-xYdw2LoguqdV-30DvLt206m9kQuNhAnC2Kpd6DGrHBtTPMn26HR9C2_ViPCvHnKlGwcpvpTmF_e1-sGw_7GWTh84pCH-QjCn9M86ldiaoFBZfFrQ2uWzlPAq9JjL0w0PxJAlq2Wio6da843cfYb8j8SRTAsvr0NlaIBGpprtQ.L4jYrhxIqcTMhpiMAVvLO8Bh62aTx75Xd2_Z7CB5PSU&dib_tag=se&keywords=soft+toys&qid=1746982380&sr=8-42
No Title,Unknown Brand,587,4.2 out of 5 stars,299,https://m.media-amazon.com/images/I/61KA7YFDQnL._AC_UL320_.jpg,https://www.amazon.in/SCOOBA-Baby-Capybara-Height-Loved/dp/B0F3DC99V6/ref=sr_1_43?dib=eyJ2IjoiMSJ9.E6Z5MwHloRsESI6VE7xAHiwqCI8EbLa_eRLwmphLVU8uOOFmeUWPwK_MvrxzN_Rh9Hap4eLAwSW875N7Pq4KW8biFn5gpnUIINomUt03pkvrD1GbSDav7eAmIcTcqgUJ8-xYdw2LoguqdV-30DvLt206m9kQuNhAnC2Kpd6DGrHBtTPMn26HR9C2_ViPCvHnKlGwcpvpTmF_e1-sGw_7GWTh84pCH-QjCn9M86ldiaoFBZfFrQ2uWzlPAq9JjL0w0PxJAlq2Wio6da843cfYb8j8SRTAsvr0NlaIBGpprtQ.L4jYrhxIqcTMhpiMAVvLO8Bh62aTx75Xd2_Z7CB5PSU&dib_tag=se&keywords=soft+toys&qid=1746982380&sr=8-43
No Title,Unknown Brand,694,4.3 out of 5 stars,299,https://m.media-amazon.com/images/I/31IiUwflKYL._AC_UL320_.jpg,https://www.amazon.in/SCOOBA-Penguin-Soft-Purple-Scarf/dp/B0F5BP2PB5/ref=sr_1_44?dib=eyJ2IjoiMSJ9.E6Z5MwHloRsESI6VE7xAHiwqCI8EbLa_eRLwmphLVU8uOOFmeUWPwK_MvrxzN_Rh9Hap4eLAwSW875N7Pq4KW8biFn5gpnUIINomUt03pkvrD1GbSDav7eAmIcTcqgUJ8-xYdw2LoguqdV-30DvLt206m9kQuNhAnC2Kpd6DGrHBtTPMn26HR9C2_ViPCvHnKlGwcpvpTmF_e1-sGw_7GWTh84pCH-QjCn9M86ldiaoFBZfFrQ2uWzlPAq9JjL0w0PxJAlq2Wio6da843cfYb8j8SRTAsvr0NlaIBGpprtQ.L4jYrhxIqcTMhpiMAVvLO8Bh62aTx75Xd2_Z7CB5PSU&dib_tag=se&keywords=soft+toys&qid=1746982380&sr=8-44
No Title,Unknown Brand,59,3.6 out of 5 stars,399,https://m.media-amazon.com/images/I/51pu0-snHbL._AC_UL320_.jpg,https://www.amazon.in/SCOOBA-Super-Frock-Dress-Rabbit/dp/B0BW619D7K/ref=sr_1_45?dib=eyJ2IjoiMSJ9.E6Z5MwHloRsESI6VE7xAHiwqCI8EbLa_eRLwmphLVU8uOOFmeUWPwK_MvrxzN_Rh9Hap4eLAwSW875N7Pq4KW8biFn5gpnUIINomUt03pkvrD1GbSDav7eAmIcTcqgUJ8-xYdw2LoguqdV-30DvLt206m9kQuNhAnC2Kpd6DGrHBtTPMn26HR9C2_ViPCvHnKlGwcpvpTmF_e1-sGw_7GWTh84pCH-QjCn9M86ldiaoFBZfFrQ2uWzlPAq9JjL0w0PxJAlq2Wio6da843cfYb8j8SRTAsvr0NlaIBGpprtQ.L4jYrhxIqcTMhpiMAVvLO8Bh62aTx75Xd2_Z7CB5PSU&dib_tag=se&keywords=soft+toys&qid=1746982380&sr=8-45
No Title,Unknown Brand,"4,610",4.0 out of 5 stars,177,https://m.media-amazon.com/images/I/61F+bzs8OKL._AC_UL320_.jpg,https://www.amazon.in/Babique-Cute-Brown-Animal-Birthday/dp/B06XH26KJ4/ref=sr_1_46?dib=eyJ2IjoiMSJ9.E6Z5MwHloRsESI6VE7xAHiwqCI8EbLa_eRLwmphLVU8uOOFmeUWPwK_MvrxzN_Rh9Hap4eLAwSW875N7Pq4KW8biFn5gpnUIINomUt03pkvrD1GbSDav7eAmIcTcqgUJ8-xYdw2LoguqdV-30DvLt206m9kQuNhAnC2Kpd6DGrHBtTPMn26HR9C2_ViPCvHnKlGwcpvpTmF_e1-sGw_7GWTh84pCH-QjCn9M86ldiaoFBZfFrQ2uWzlPAq9JjL0w0PxJAlq2Wio6da843cfYb8j8SRTAsvr0NlaIBGpprtQ.L4jYrhxIqcTMhpiMAVvLO8Bh62aTx75Xd2_Z7CB5PSU&dib_tag=se&keywords=soft+toys&qid=1746982380&sr=8-46
No Title,Unknown Brand,"34,272",4.0 out of 5 stars,499,https://m.media-amazon.com/images/I/41DX4usBUXL._AC_UL320_.jpg,https://www.amazon.in/HUG-FEEL-SOFT-TOYS-Huggable/dp/B0BLCLG8XJ/ref=sr_1_47?dib=eyJ2IjoiMSJ9.E6Z5MwHloRsESI6VE7xAHiwqCI8EbLa_eRLwmphLVU8uOOFmeUWPwK_MvrxzN_Rh9Hap4eLAwSW875N7Pq4KW8biFn5gpnUIINomUt03pkvrD1GbSDav7eAmIcTcqgUJ8-xYdw2LoguqdV-30DvLt206m9kQuNhAnC2Kpd6DGrHBtTPMn26HR9C2_ViPCvHnKlGwcpvpTmF_e1-sGw_7GWTh84pCH-QjCn9M86ldiaoFBZfFrQ2uWzlPAq9JjL0w0PxJAlq2Wio6da843cfYb8j8SRTAsvr0NlaIBGpprtQ.L4jYrhxIqcTMhpiMAVvLO8Bh62aTx75Xd2_Z7CB5PSU&dib_tag=se&keywords=soft+toys&qid=1746982380&sr=8-47
No Title,Unknown Brand,"3,944",4.3 out of 5 stars,499,https://m.media-amazon.com/images/I/51bBylJax9L._AC_UL320_.jpg,https://www.amazon.in/SCOOBA-Fabric-Animal-Elephant-Small/dp/B0BLSD2NR6/ref=sr_1_48?dib=eyJ2IjoiMSJ9.E6Z5MwHloRsESI6VE7xAHiwqCI8EbLa_eRLwmphLVU8uOOFmeUWPwK_MvrxzN_Rh9Hap4eLAwSW875N7Pq4KW8biFn5gpnUIINomUt03pkvrD1GbSDav7eAmIcTcqgUJ8-xYdw2LoguqdV-30DvLt206m9kQuNhAnC2Kpd6DGrHBtTPMn26HR9C2_ViPCvHnKlGwcpvpTmF_e1-sGw_7GWTh84pCH-QjCn9M86ldiaoFBZfFrQ2uWzlPAq9JjL0w0PxJAlq2Wio6da843cfYb8j8SRTAsvr0NlaIBGpprtQ.L4jYrhxIqcTMhpiMAVvLO8Bh62aTx75Xd2_Z7CB5PSU&dib_tag=se&keywords=soft+toys&qid=1746982380&sr=8-48
No Title,Unknown Brand,852,4.4 out of 5 stars,169,https://m.media-amazon.com/images/I/51V5R1Xk-cL._AC_UL320_.jpg,https://www.amazon.in/Pikipo-Rattle-Squeeze-Handle-Squeaky/dp/B0BZYWTKLB/ref=sr_1_49?dib=eyJ2IjoiMSJ9.E6Z5MwHloRsESI6VE7xAHiwqCI8EbLa_eRLwmphLVU8uOOFmeUWPwK_MvrxzN_Rh9Hap4eLAwSW875N7Pq4KW8biFn5gpnUIINomUt03pkvrD1GbSDav7eAmIcTcqgUJ8-xYdw2LoguqdV-30DvLt206m9kQuNhAnC2Kpd6DGrHBtTPMn26HR9C2_ViPCvHnKlGwcpvpTmF_e1-sGw_7GWTh84pCH-QjCn9M86ldiaoFBZfFrQ2uWzlPAq9JjL0w0PxJAlq2Wio6da843cfYb8j8SRTAsvr0NlaIBGpprtQ.L4jYrhxIqcTMhpiMAVvLO8Bh62aTx75Xd2_Z7CB5PSU&dib_tag=se&keywords=soft+toys&qid=1746982380&sr=8-49
No Title,Unknown Brand,228,3.6 out of 5 stars,159,https://m.media-amazon.com/images/I/71eS3uYJIPL._AC_UL320_.jpg,https://www.amazon.in/Babique-Reversible-plushie-Stuffed-Animal/dp/B0C3BLSMYR/ref=sr_1_50?dib=eyJ2IjoiMSJ9.E6Z5MwHloRsESI6VE7xAHiwqCI8EbLa_eRLwmphLVU8uOOFmeUWPwK_MvrxzN_Rh9Hap4eLAwSW875N7Pq4KW8biFn5gpnUIINomUt03pkvrD1GbSDav7eAmIcTcqgUJ8-xYdw2LoguqdV-30DvLt206m9kQuNhAnC2Kpd6DGrHBtTPMn26HR9C2_ViPCvHnKlGwcpvpTmF_e1-sGw_7GWTh84pCH-QjCn9M86ldiaoFBZfFrQ2uWzlPAq9JjL0w0PxJAlq2Wio6da843cfYb8j8SRTAsvr0NlaIBGpprtQ.L4jYrhxIqcTMhpiMAVvLO8Bh62aTx75Xd2_Z7CB5PSU&dib_tag=se&keywords=soft+toys&qid=1746982380&sr=8-50
No Title,Unknown Brand,"9,023",4.3 out of 5 stars,560,https://m.media-amazon.com/images/I/81S00b+-XML._AC_UL320_.jpg,https://www.amazon.in/DearJoy-Baby-Elephant-Pillow-Grey/dp/B075VTNC7X/ref=sr_1_51?dib=eyJ2IjoiMSJ9.E6Z5MwHloRsESI6VE7xAHiwqCI8EbLa_eRLwmphLVU8uOOFmeUWPwK_MvrxzN_Rh9Hap4eLAwSW875N7Pq4KW8biFn5gpnUIINomUt03pkvrD1GbSDav7eAmIcTcqgUJ8-xYdw2LoguqdV-30DvLt206m9kQuNhAnC2Kpd6DGrHBtTPMn26HR9C2_ViPCvHnKlGwcpvpTmF_e1-sGw_7GWTh84pCH-QjCn9M86ldiaoFBZfFrQ2uWzlPAq9JjL0w0PxJAlq2Wio6da843cfYb8j8SRTAsvr0NlaIBGpprtQ.L4jYrhxIqcTMhpiMAVvLO8Bh62aTx75Xd2_Z7CB5PSU&dib_tag=se&keywords=soft+toys&qid=1746982380&sr=8-51
No Title,Unknown Brand,629,4.3 out of 5 stars,399,https://m.media-amazon.com/images/I/71TkK-21reL._AC_UL320_.jpg,https://www.amazon.in/Babique-Bamboo-Stuffed-Animals-Plushies/dp/B0D12N75XV/ref=sr_1_52?dib=eyJ2IjoiMSJ9.E6Z5MwHloRsESI6VE7xAHiwqCI8EbLa_eRLwmphLVU8uOOFmeUWPwK_MvrxzN_Rh9Hap4eLAwSW875N7Pq4KW8biFn5gpnUIINomUt03pkvrD1GbSDav7eAmIcTcqgUJ8-xYdw2LoguqdV-30DvLt206m9kQuNhAnC2Kpd6DGrHBtTPMn26HR9C2_ViPCvHnKlGwcpvpTmF_e1-sGw_7GWTh84pCH-QjCn9M86ldiaoFBZfFrQ2uWzlPAq9JjL0w0PxJAlq2Wio6da843cfYb8j8SRTAsvr0NlaIBGpprtQ.L4jYrhxIqcTMhpiMAVvLO8Bh62aTx75Xd2_Z7CB5PSU&dib_tag=se&keywords=soft+toys&qid=1746982380&sr=8-52
No Title,Unknown Brand,839,4.1 out of 5 stars,159,https://m.media-amazon.com/images/I/513NwwpIBqL._AC_UL320_.jpg,https://www.amazon.in/Babique-Richy-Toys-Plush-Rabbit/dp/B01FC8RSAE/ref=sr_1_53?dib=eyJ2IjoiMSJ9.E6Z5MwHloRsESI6VE7xAHiwqCI8EbLa_eRLwmphLVU8uOOFmeUWPwK_MvrxzN_Rh9Hap4eLAwSW875N7Pq4KW8biFn5gpnUIINomUt03pkvrD1GbSDav7eAmIcTcqgUJ8-xYdw2LoguqdV-30DvLt206m9kQuNhAnC2Kpd6DGrHBtTPMn26HR9C2_ViPCvHnKlGwcpvpTmF_e1-sGw_7GWTh84pCH-QjCn9M86ldiaoFBZfFrQ2uWzlPAq9JjL0w0PxJAlq2Wio6da843cfYb8j8SRTAsvr0NlaIBGpprtQ.L4jYrhxIqcTMhpiMAVvLO8Bh62aTx75Xd2_Z7CB5PSU&dib_tag=se&keywords=soft+toys&qid=1746982380&sr=8-53
No Title,Unknown Brand,258,4.4 out of 5 stars,199,https://m.media-amazon.com/images/I/61DJpNH8TGL._AC_UL320_.jpg,https://www.amazon.in/Storio-Baby-Toys-Play-Kit/dp/B09CTQ7P15/ref=sr_1_54?dib=eyJ2IjoiMSJ9.E6Z5MwHloRsESI6VE7xAHiwqCI8EbLa_eRLwmphLVU8uOOFmeUWPwK_MvrxzN_Rh9Hap4eLAwSW875N7Pq4KW8biFn5gpnUIINomUt03pkvrD1GbSDav7eAmIcTcqgUJ8-xYdw2LoguqdV-30DvLt206m9kQuNhAnC2Kpd6DGrHBtTPMn26HR9C2_ViPCvHnKlGwcpvpTmF_e1-sGw_7GWTh84pCH-QjCn9M86ldiaoFBZfFrQ2uWzlPAq9JjL0w0PxJAlq2Wio6da843cfYb8j8SRTAsvr0NlaIBGpprtQ.L4jYrhxIqcTMhpiMAVvLO8Bh62aTx75Xd2_Z7CB5PSU&dib_tag=se&keywords=soft+toys&qid=1746982380&sr=8-54
No Title,Unknown Brand,694,4.3 out of 5 stars,379,https://m.media-amazon.com/images/I/51+1Bx773wL._AC_UL320_.jpg,https://www.amazon.in/SCOOBA-Baby-Penguin-Soft-Toy/dp/B09TKYGSBJ/ref=sr_1_55?dib=eyJ2IjoiMSJ9.E6Z5MwHloRsESI6VE7xAHiwqCI8EbLa_eRLwmphLVU8uOOFmeUWPwK_MvrxzN_Rh9Hap4eLAwSW875N7Pq4KW8biFn5gpnUIINomUt03pkvrD1GbSDav7eAmIcTcqgUJ8-xYdw2LoguqdV-30DvLt206m9kQuNhAnC2Kpd6DGrHBtTPMn26HR9C2_ViPCvHnKlGwcpvpTmF_e1-sGw_7GWTh84pCH-QjCn9M86ldiaoFBZfFrQ2uWzlPAq9JjL0w0PxJAlq2Wio6da843cfYb8j8SRTAsvr0NlaIBGpprtQ.L4jYrhxIqcTMhpiMAVvLO8Bh62aTx75Xd2_Z7CB5PSU&dib_tag=se&keywords=soft+toys&qid=1746982380&sr=8-55
No Title,Unknown Brand,370,4.3 out of 5 stars,329,https://m.media-amazon.com/images/I/71e75GSCrKL._AC_UL320_.jpg,https://www.amazon.in/Webby-Plush-Standing-Giraffe-Yellow/dp/B0CZTVNF73/ref=sr_1_56?dib=eyJ2IjoiMSJ9.E6Z5MwHloRsESI6VE7xAHiwqCI8EbLa_eRLwmphLVU8uOOFmeUWPwK_MvrxzN_Rh9Hap4eLAwSW875N7Pq4KW8biFn5gpnUIINomUt03pkvrD1GbSDav7eAmIcTcqgUJ8-xYdw2LoguqdV-30DvLt206m9kQuNhAnC2Kpd6DGrHBtTPMn26HR9C2_ViPCvHnKlGwcpvpTmF_e1-sGw_7GWTh84pCH-QjCn9M86ldiaoFBZfFrQ2uWzlPAq9JjL0w0PxJAlq2Wio6da843cfYb8j8SRTAsvr0NlaIBGpprtQ.L4jYrhxIqcTMhpiMAVvLO8Bh62aTx75Xd2_Z7CB5PSU&dib_tag=se&keywords=soft+toys&qid=1746982380&sr=8-56
No Title,Unknown Brand,36,4.6 out of 5 stars,949,https://m.media-amazon.com/images/I/61O8cugz00L._AC_UL320_.jpg,https://www.amazon.in/sspa/click?ie=UTF8&spc=MTo2MzYyNDY4MzU5MDM0NjI5OjE3NDY5ODIzODA6c3BfYnRmOjMwMDU1MDIxNDk2NjEzMjo6MDo6&url=%2FPandas-Box-Mantra-Chanting-Durga%2Fdp%2FB0F63481JH%2Fref%3Dsr_1_57_sspa%3Fdib%3DeyJ2IjoiMSJ9.E6Z5MwHloRsESI6VE7xAHiwqCI8EbLa_eRLwmphLVU8uOOFmeUWPwK_MvrxzN_Rh9Hap4eLAwSW875N7Pq4KW8biFn5gpnUIINomUt03pkvrD1GbSDav7eAmIcTcqgUJ8-xYdw2LoguqdV-30DvLt206m9kQuNhAnC2Kpd6DGrHBtTPMn26HR9C2_ViPCvHnKlGwcpvpTmF_e1-sGw_7GWTh84pCH-QjCn9M86ldiaoFBZfFrQ2uWzlPAq9JjL0w0PxJAlq2Wio6da843cfYb8j8SRTAsvr0NlaIBGpprtQ.L4jYrhxIqcTMhpiMAVvLO8Bh62aTx75Xd2_Z7CB5PSU%26dib_tag%3Dse%26keywords%3Dsoft%2Btoys%26qid%3D1746982380%26sr%3D8-57-spons%26sp_csd%3Dd2lkZ2V0TmFtZT1zcF9idGY%26psc%3D1
No Title,Unknown Brand,258,4.4 out of 5 stars,199,https://m.media-amazon.com/images/I/61DJpNH8TGL._AC_UL320_.jpg,https://www.amazon.in/sspa/click?ie=UTF8&spc=MTo2MzYyNDY4MzU5MDM0NjI5OjE3NDY5ODIzODA6c3BfYnRmOjMwMDA2NzAxMjI3ODEzMjo6MDo6&url=%2FStorio-Baby-Toys-Play-Kit%2Fdp%2FB09CTQ7P15%2Fref%3Dsr_1_58_sspa%3Fdib%3DeyJ2IjoiMSJ9.E6Z5MwHloRsESI6VE7xAHiwqCI8EbLa_eRLwmphLVU8uOOFmeUWPwK_MvrxzN_Rh9Hap4eLAwSW875N7Pq4KW8biFn5gpnUIINomUt03pkvrD1GbSDav7eAmIcTcqgUJ8-xYdw2LoguqdV-30DvLt206m9kQuNhAnC2Kpd6DGrHBtTPMn26HR9C2_ViPCvHnKlGwcpvpTmF_e1-sGw_7GWTh84pCH-QjCn9M86ldiaoFBZfFrQ2uWzlPAq9JjL0w0PxJAlq2Wio6da843cfYb8j8SRTAsvr0NlaIBGpprtQ.L4jYrhxIqcTMhpiMAVvLO8Bh62aTx75Xd2_Z7CB5PSU%26dib_tag%3Dse%26keywords%3Dsoft%2Btoys%26qid%3D1746982380%26sr%3D8-58-spons%26sp_csd%3Dd2lkZ2V0TmFtZT1zcF9idGY%26psc%3D1
No Title,Unknown Brand,921,3.8 out of 5 stars,"2,199",https://m.media-amazon.com/images/I/619s8Q+jcNL._AC_UL320_.jpg,https://www.amazon.in/sspa/click?ie=UTF8&spc=MTo2MzYyNDY4MzU5MDM0NjI5OjE3NDY5ODIzODA6c3BfYnRmOjMwMDQ3ODQ0MDgzMTczMjo6MDo6&url=%2FLOVEY-DOVEY-Huggable-Valentine-Girlfriend%2Fdp%2FB09MWG25DW%2Fref%3Dsr_1_59_sspa%3Fdib%3DeyJ2IjoiMSJ9.E6Z5MwHloRsESI6VE7xAHiwqCI8EbLa_eRLwmphLVU8uOOFmeUWPwK_MvrxzN_Rh9Hap4eLAwSW875N7Pq4KW8biFn5gpnUIINomUt03pkvrD1GbSDav7eAmIcTcqgUJ8-xYdw2LoguqdV-30DvLt206m9kQuNhAnC2Kpd6DGrHBtTPMn26HR9C2_ViPCvHnKlGwcpvpTmF_e1-sGw_7GWTh84pCH-QjCn9M86ldiaoFBZfFrQ2uWzlPAq9JjL0w0PxJAlq2Wio6da843cfYb8j8SRTAsvr0NlaIBGpprtQ.L4jYrhxIqcTMhpiMAVvLO8Bh62aTx75Xd2_Z7CB5PSU%26dib_tag%3Dse%26keywords%3Dsoft%2Btoys%26qid%3D1746982380%26sr%3D8-59-spons%26sp_csd%3Dd2lkZ2V0TmFtZT1zcF9idGY%26psc%3D1%26smid%3DA19B00HGTEVUGE
No Title,Unknown Brand,13,4.8 out of 5 stars,599,https://m.media-amazon.com/images/I/81-l9gCxUsL._AC_UL320_.jpg,https://www.amazon.in/sspa/click?ie=UTF8&spc=MTo2MzYyNDY4MzU5MDM0NjI5OjE3NDY5ODIzODA6c3BfYnRmOjMwMDQ2ODMwOTUxNDczMjo6MDo6&url=%2Fabracadabra-Organics-Collectible-Cuddle-Organic%2Fdp%2FB0BFFJ2JP8%2Fref%3Dsr_1_60_sspa%3Fdib%3DeyJ2IjoiMSJ9.E6Z5MwHloRsESI6VE7xAHiwqCI8EbLa_eRLwmphLVU8uOOFmeUWPwK_MvrxzN_Rh9Hap4eLAwSW875N7Pq4KW8biFn5gpnUIINomUt03pkvrD1GbSDav7eAmIcTcqgUJ8-xYdw2LoguqdV-30DvLt206m9kQuNhAnC2Kpd6DGrHBtTPMn26HR9C2_ViPCvHnKlGwcpvpTmF_e1-sGw_7GWTh84pCH-QjCn9M86ldiaoFBZfFrQ2uWzlPAq9JjL0w0PxJAlq2Wio6da843cfYb8j8SRTAsvr0NlaIBGpprtQ.L4jYrhxIqcTMhpiMAVvLO8Bh62aTx75Xd2_Z7CB5PSU%26dib_tag%3Dse%26keywords%3Dsoft%2Btoys%26qid%3D1746982380%26sr%3D8-60-spons%26sp_csd%3Dd2lkZ2V0TmFtZT1zcF9idGY%26psc%3D1
No Title,Unknown Brand,"13,332",4.4 out of 5 stars,499,https://m.media-amazon.com/images/I/61fOlusmMCL._AC_UL320_.jpg,https://www.amazon.in#
No Title,Unknown Brand,"13,332",4.4 out of 5 stars,499,https://m.media-amazon.com/images/I/61fOlusmMCL._AC_UL320_.jpg,https://www.amazon.in/sspa/click?ie=UTF8&spc=MTo0ODY5MjM3MTI0NjQ3MDQwOjE3NDY5ODIzODA6c3Bfc2VhcmNoX3RoZW1hdGljX2J0ZjozMDAyOTEwNjE5OTE5MzI6OjA6Og&url=%2FAmazon-Brand-Elephant-Non-Toxic-BIS-Approved%2Fdp%2FB0D39S27T7%2Fref%3Dsxbs_pa_sp_search_thematic_btf_sspa%3Fcontent-id%3Damzn1.sym.030b404d-71b4-44ac-bd40-72a281aab15b%253Aamzn1.sym.030b404d-71b4-44ac-bd40-72a281aab15b%26cv_ct_cx%3Dsoft%2Btoys%26keywords%3Dsoft%2Btoys%26pd_rd_i%3DB0D39S27T7%26pd_rd_r%3Da8bddd47-da8b-409b-91f2-480d24a41e21%26pd_rd_w%3DKUT95%26pd_rd_wg%3DezkG3%26pf_rd_p%3D030b404d-71b4-44ac-bd40-72a281aab15b%26pf_rd_r%3D4EFDQCZBCGQ8A751V7F2%26qid%3D1746982380%26sbo%3DRZvfv%252F%252FHxDF%252BO5021pAnSA%253D%253D%26sr%3D1-1-2907eac4-8056-42c7-8014-fdf7bd4c5395-spons%26sp_csd%3Dd2lkZ2V0TmFtZT1zcF9zZWFyY2hfdGhlbWF0aWNfYnRm%26psc%3D1
No Title,Unknown Brand,"1,680",4.2 out of 5 stars,329,https://m.media-amazon.com/images/I/61paoQad7gL._AC_UL320_.jpg,https://www.amazon.in/sspa/click?ie=UTF8&spc=MTo0ODY5MjM3MTI0NjQ3MDQwOjE3NDY5ODIzODA6c3Bfc2VhcmNoX3RoZW1hdGljX2J0ZjozMDA1MzU5MjY1NDE4MzI6OjE6Og&url=%2FStorio-Rainbow-Colored-Huggable-Plushie%2Fdp%2FB0CQG8TQYS%2Fref%3Dsxbs_pa_sp_search_thematic_btf_sspa%3Fcontent-id%3Damzn1.sym.030b404d-71b4-44ac-bd40-72a281aab15b%253Aamzn1.sym.030b404d-71b4-44ac-bd40-72a281aab15b%26cv_ct_cx%3Dsoft%2Btoys%26keywords%3Dsoft%2Btoys%26pd_rd_i%3DB0CQG8TQYS%26pd_rd_r%3Da8bddd47-da8b-409b-91f2-480d24a41e21%26pd_rd_w%3DKUT95%26pd_rd_wg%3DezkG3%26pf_rd_p%3D030b404d-71b4-44ac-bd40-72a281aab15b%26pf_rd_r%3D4EFDQCZBCGQ8A751V7F2%26qid%3D1746982380%26sbo%3DRZvfv%252F%252FHxDF%252BO5021pAnSA%253D%253D%26sr%3D1-2-2907eac4-8056-42c7-8014-fdf7bd4c5395-spons%26sp_csd%3Dd2lkZ2V0TmFtZT1zcF9zZWFyY2hfdGhlbWF0aWNfYnRm%26psc%3D1
No Title,Unknown Brand,"34,272",4.0 out of 5 stars,299,https://m.media-amazon.com/images/I/51wNQNcHxBL._AC_UL320_.jpg,https://www.amazon.in/sspa/click?ie=UTF8&spc=MTo0ODY5MjM3MTI0NjQ3MDQwOjE3NDY5ODIzODA6c3Bfc2VhcmNoX3RoZW1hdGljX2J0ZjozMDA0ODUxNDc1OTUzMzI6OjI6Og&url=%2FHUG-FEEL-SOFT-TOYS-Lovable%2Fdp%2FB09N9J8THC%2Fref%3Dsxbs_pa_sp_search_thematic_btf_sspa%3Fcontent-id%3Damzn1.sym.030b404d-71b4-44ac-bd40-72a281aab15b%253Aamzn1.sym.030b404d-71b4-44ac-bd40-72a281aab15b%26cv_ct_cx%3Dsoft%2Btoys%26keywords%3Dsoft%2Btoys%26pd_rd_i%3DB09N9J8THC%26pd_rd_r%3Da8bddd47-da8b-409b-91f2-480d24a41e21%26pd_rd_w%3DKUT95%26pd_rd_wg%3DezkG3%26pf_rd_p%3D030b404d-71b4-44ac-bd40-72a281aab15b%26pf_rd_r%3D4EFDQCZBCGQ8A751V7F2%26qid%3D1746982380%26sbo%3DRZvfv%252F%252FHxDF%252BO5021pAnSA%253D%253D%26sr%3D1-3-2907eac4-8056-42c7-8014-fdf7bd4c5395-spons%26sp_csd%3Dd2lkZ2V0TmFtZT1zcF9zZWFyY2hfdGhlbWF0aWNfYnRm%26psc%3D1
No Title,Unknown Brand,24,4.4 out of 5 stars,998,https://m.media-amazon.com/images/I/61s7WJcHcBL._AC_UL320_.jpg,https://www.amazon.in/sspa/click?ie=UTF8&spc=MTo0ODY5MjM3MTI0NjQ3MDQwOjE3NDY5ODIzODA6c3Bfc2VhcmNoX3RoZW1hdGljX2J0ZjozMDAxNzM0MDAyNTYyMzI6OjM6Og&url=%2FPandas-Box-Chanting-Musical-Toddlers%2Fdp%2FB0C789YLKT%2Fref%3Dsxbs_pa_sp_search_thematic_btf_sspa%3Fcontent-id%3Damzn1.sym.030b404d-71b4-44ac-bd40-72a281aab15b%253Aamzn1.sym.030b404d-71b4-44ac-bd40-72a281aab15b%26cv_ct_cx%3Dsoft%2Btoys%26keywords%3Dsoft%2Btoys%26pd_rd_i%3DB0C789YLKT%26pd_rd_r%3Da8bddd47-da8b-409b-91f2-480d24a41e21%26pd_rd_w%3DKUT95%26pd_rd_wg%3DezkG3%26pf_rd_p%3D030b404d-71b4-44ac-bd40-72a281aab15b%26pf_rd_r%3D4EFDQCZBCGQ8A751V7F2%26qid%3D1746982380%26sbo%3DRZvfv%252F%252FHxDF%252BO5021pAnSA%253D%253D%26sr%3D1-4-2907eac4-8056-42c7-8014-fdf7bd4c5395-spons%26sp_csd%3Dd2lkZ2V0TmFtZT1zcF9zZWFyY2hfdGhlbWF0aWNfYnRm%26psc%3D1
No Title,Unknown Brand,24,4.2 out of 5 stars,566,https://m.media-amazon.com/images/I/41OpzxZI34L._AC_UL320_.jpg,https://www.amazon.in/sspa/click?ie=UTF8&spc=MTo0ODY5MjM3MTI0NjQ3MDQwOjE3NDY5ODIzODA6c3Bfc2VhcmNoX3RoZW1hdGljX2J0ZjozMDA1MDI5NTQ3NDQ0MzI6OjQ6Og&url=%2FAVS-Stuffed-Playing-Decoration-Caterrpillar-65cm%2Fdp%2FB0DZ33N1NM%2Fref%3Dsxbs_pa_sp_search_thematic_btf_sspa%3Fcontent-id%3Damzn1.sym.030b404d-71b4-44ac-bd40-72a281aab15b%253Aamzn1.sym.030b404d-71b4-44ac-bd40-72a281aab15b%26cv_ct_cx%3Dsoft%2Btoys%26keywords%3Dsoft%2Btoys%26pd_rd_i%3DB0DZ33N1NM%26pd_rd_r%3Da8bddd47-da8b-409b-91f2-480d24a41e21%26pd_rd_w%3DKUT95%26pd_rd_wg%3DezkG3%26pf_rd_p%3D030b404d-71b4-44ac-bd40-72a281aab15b%26pf_rd_r%3D4EFDQCZBCGQ8A751V7F2%26qid%3D1746982380%26sbo%3DRZvfv%252F%252FHxDF%252BO5021pAnSA%253D%253D%26sr%3D1-5-2907eac4-8056-42c7-8014-fdf7bd4c5395-spons%26sp_csd%3Dd2lkZ2V0TmFtZT1zcF9zZWFyY2hfdGhlbWF0aWNfYnRm%26psc%3D1
No Title,Unknown Brand,"
                                                        soft toys for girl
                                                    ",0,0,No Image,https://www.amazon.in/s?k=soft+toys+for+girl&ref=rsl_sug_0_0&pd_rd_w=0W7mZ&content-id=amzn1.sym.b5876297-ded6-4475-876b-d315610bb575:amzn1.sym.b5876297-ded6-4475-876b-d315610bb575&pf_rd_p=b5876297-ded6-4475-876b-d315610bb575&pf_rd_r=4EFDQCZBCGQ8A751V7F2&pd_rd_wg=ezkG3&pd_rd_r=a8bddd47-da8b-409b-91f2-480d24a41e21&qid=1746982380
No Title,Unknown Brand,0,0,0,No Image,No Link
No Title,Unknown Brand,0,0,0,No Image,https://www.amazon.inhttps://aax-eu.amazon.in/x/c/JC8sylrHeJ85vr0GFmLnBmcAAAGWwEOmRgMAAAH2AQBvbm9fdHhuX2JpZDEgICBvbm9fdHhuX2ltcDIgICDSPAjM/https://www.amazon.in/stores/page/81B85481-7740-42D7-A63E-6EA334C44F4C/?_encoding=UTF8&store_ref=SB_A051897210H4WV4A9MXSB-A05455432TNMOOS0FDZ6E&pd_rd_plhdr=t&aaxitk=294bbceb96434de3122ad76091b1294d&hsa_cr_id=0&lp_asins=B077K1VDKV%2CB07HJBRMNL%2CB09G9Y2Q8C&lp_query=soft%20toys&lp_slot=desktop-hsa-3psl&ref_=sbx_be_s_3psl_mbd_mb0_bkgd&pd_rd_w=GPKKa&content-id=amzn1.sym.f1a4d09d-a292-48da-a86f-03294c9a41ef%3Aamzn1.sym.f1a4d09d-a292-48da-a86f-03294c9a41ef&pf_rd_p=f1a4d09d-a292-48da-a86f-03294c9a41ef&pf_rd_r=4EFDQCZBCGQ8A751V7F2&pd_rd_wg=qP4Js&pd_rd_r=244ec812-4a97-428c-8f63-f4fafe24633f
No Title,Unknown Brand, or ,0,0,No Image,https://www.amazon.in/gp/help/customer/display.html?nodeId=201889520
